<?xml version="1.0" encoding="UTF-8" standalone="yes"?>
<addon id="plugin.video.aresdyslexia"
	name="[COLORblue]A[/COLOR][COLORwhite]resDyslexia[/COLOR]"
	version="1.0.0"
	provider-name="Ares-Project: Shanks">
  <requires>
    <import addon="xbmc.python" version="2.1.0"/>
    <import addon="script.module.addon.common" version="2.0.0"/>
    <import addon="plugin.video.youtube" version="5.0.0"/>
  </requires>
  <extension point="xbmc.python.pluginsource" library="default.py">
    <provides>video</provides>
  </extension>
  <extension point="xbmc.addon.metadata">
    <summary lang="en">A playlist add-on to support those with dyslexia, dyscalculia, and dysgraphia</summary>
    <description lang="en">A collection of playlists to help kids ith dyslexia, dyscalculia, and dysgraphia.  It also contains videos to assist teachers and parents working with children.  Hope you enjoy.. PoppaSmurf - Caret4ker - Automan - Shanks - Join us on the forum at http://ares-project.uk. </description>
    <platform>all</platform>
    <forum>http://ares-project.uk</forum>
    <website>http://ares-project-blog.com</website>
  </extension>
</addon>
