<?xml version="1.0" encoding="UTF-8" standalone="yes"?>
<addon id="plugin.video.now_music" name="[COLOR blue]Now[/COLOR] [COLOR red]Music[/COLOR]"	version="2.0.7"	provider-name="Pulse Builds"> 
  <requires>
    <import addon="xbmc.python" version="2.1.0"/>
    <import addon="script.module.addon.common" version="2.0.0"/>
    <import addon="plugin.video.youtube" version="5.0.0"/>
  </requires>
  <extension point="xbmc.python.pluginsource" library="pulse.py">
    <provides>video</provides>
  </extension>
  <extension point="xbmc.addon.metadata">
    <summary lang="en">Now Thats What I Call Music Collection</summary>
    <description lang="en">All Content In This Addon Is Freely Available On The Internet</description>
    <disclaimer lang="en">Please Use Genuine PULSE BUILDS Addons And Builds From Genuine Sources</disclaimer>
    <platform>all</platform>
    <forum>n/a</forum>
    <website>n/a</website>
  </extension>
</addon>