<?xml version="1.0" encoding="UTF-8" standalone="yes"?><addon id="plugin.video.wwe-on-demand" name="Wrestling On Demand" version="4.08" provider-name="@PBear90">  <requires>    <import addon="xbmc.python" version="2.1.0"/>    <import addon="script.module.simplejson" version="3.3.0"/>    <import addon="script.module.urlresolver"  version="2.1.2"/>    <import addon="script.module.liveresolver" version="0.1.24"/>    <import addon="script.common.plugin.cache" version="2.5.2"/>    <import addon="script.module.metahandler" version="2.5.1"/>    <import addon="plugin.video.youtube" />  </requires>  <extension point="xbmc.python.pluginsource" library="default.py">        <provides>video</provides>  </extension>  <extension point="xbmc.addon.metadata">    <summary lang="en">The Home Of Wrestling On Demand</summary>    <description lang="en">The Offical Home Of Wrestling On Demand | Huge Thanks To Echo for making updates to the addon to my requirements. Thanks to Ares for hosting this addon.  Thanks to Editz for the awesome work on the artwork and of course, a huge thank you to those who use this addon as you help to keep it alive!</description>    <platform>all</platform>  </extension></addon>