<?xml version="1.0" encoding="UTF-8" standalone="yes"?>
<addon id="repository.aresproject" name="[COLOR blue]A[/COLOR][COLOR white]res Project[/COLOR]" version="0.0.7" provider-name="Ares Team">
	<extension point="xbmc.addon.repository" name="AresRepo">
		<info compressed="false">https://raw.githubusercontent.com/ares-fortress/repo/master/addons.xml</info>
		<checksum>https://raw.githubusercontent.com/ares-fortress/repo/master/addons.xml.md5</checksum>
		<datadir zip="true">https://raw.githubusercontent.com/ares-fortress/repo/</datadir>
	</extension>
	<extension point="xbmc.addon.metadata">
		<summary>AresProject.</summary>
		<description>Ares-Project Addons Source. Visit Us At https://ares-project.uk</description>
		<platform>all</platform>
	</extension>
</addon>