<?xml version="1.0" encoding="UTF-8" standalone="yes"?>
<addon id="script.kodi-portal"
       name="Kodi Portal"
       version="1.0.1"
       provider-name="Ares Team">
  <requires>
    <import addon="xbmc.python" version="2.1.0" />
  </requires>
  <extension point="xbmc.python.script" library="portal.py" >
    <provides>executable</provides>
  </extension>
    <extension point="xbmc.addon.metadata">
    <summary lang="en">Ares Wizard - Your one stop for Kodi setup + maintenance</summary>
    <description lang="en">Ares Wizard</description>
    <platform>all</platform>
  </extension>
  <extension point="kodi.context.item">
	  <menu id="kodi.core.main">
		<item library="resources/enableall.py">
		  <label>Enable all addons</label>
		  <visible>SubString(System.BuildVersion,17,left)</visible>
		</item>
	  </menu>
	</extension>
</addon>
