<?xml version="1.0" encoding="UTF-8" standalone="yes"?>
<addon id="plugin.video.suprabox" name="Supra Box" version="1.00" provider-name="SUPRA">
  <requires>
    <import addon="xbmc.python" version="2.1.0"/>
    <import addon="script.module.simplejson" version="3.3.0"/>
    <import addon="script.module.urlresolver"  version="2.1.2"/>
    <import addon="script.module.liveresolver" version="0.1.24"/>
    <import addon="script.common.plugin.cache" version="2.5.2"/>
	<import addon="script.module.beautifulsoup" version="3.2.1"/>
	<import addon="script.module.livestreamer" optional="true"/>
    <import addon="script.module.pyamf" optional="true"/>
    <import addon="script.module.beautifulsoup4" />
    <import addon="script.module.requests" />
    <import addon="script.module.httplib2" />
	<import addon="script.module.metahandler" version="2.5.1"/>
    <import addon="plugin.video.youtube" optional="true" />
  </requires>
  <extension point="xbmc.python.pluginsource" library="default.py">
        <provides>video</provides>
  </extension>
  <extension point="xbmc.addon.metadata">
    <summary lang="en">Home to Supra Box Playlists</summary>
	<description>This is a Unofficial Plugin, Use it at your OWN Risk 
	             Supra Box Does NOT Host any Streams
				 All Streams can be Found on NET
                 Thanks to ALL u Know Who u R 				 
    </description>
    <platform>all</platform>
  </extension>
</addon>
