<?xml version="1.0" encoding="UTF-8" standalone="yes"?>
<addon id="plugin.video.AresExtremeSports"
	name="[COLORblue]A[/COLOR][COLORwhite]res Extreme Sports[/COLOR]"
	version="1.0.0"
	provider-name="Ares Project">
  <requires>
    <import addon="xbmc.python" version="2.1.0"/>
    <import addon="script.module.addon.common" version="2.0.0"/>
    <import addon="plugin.video.youtube" version="5.0.0"/>
  </requires>
  <extension point="xbmc.python.pluginsource" library="default.py">
    <provides>video</provides>
  </extension>
  <extension point="xbmc.addon.metadata">
    <summary lang="en">A Selection of Extreme Sports Content</summary>
    <description lang="en">A large Selection Of Mixed Extreme Sports content from free sources - Hope You Enjoy.. CareT@ker - Poppa Smurf - Join us on the forum @ http://ares-project.uk</description>
    <platform>all</platform>
    <forum>n/a</forum>
    <website>n/a</website>
  </extension>
</addon>
